recommendation_id,project_id,indicator_id,gap_type,recommended_action,priority_level_source,expected_benefit,estimated_effort,evidence_needed,responsible_party_type
R1,P1,M6,Low coverage,Expand the deployment of smart traffic lights to cover all intersections across different cities,High,"Improve travel time, reduce traffic congestion",High effort,"Traffic control center inventory, Smart intersection deployment logs",Municipality
R2,P2,M11,Limited service coverage,Distribute additional bicycle-sharing stations across different districts,Low,"Reduce traffic congestion, support healthy lifestyle",Medium effort,"Bike-sharing program inventory report, Population census data",Municipality/ Service provider
R3,P2,M12,Limited service coverage,Increase number of bus/bicycle lanes and stations,Low,"Lower the urban carbon footprint, reduce traffic congestion",Medium effort,"Platform usage reports, Municipal transport statistics",Municipality/ Public Transport Authority
R4,P3,M1,Low coverage,"Increase CCTV camera coverage, install additional traffic sensors",Low,"Reduce traffic bottlenecks,better real-time monitoring and traffic management, improve emergency response efficiency",High effort,"Traffic management center reports, GIS coverage maps",Traffic Management Center
R5,P4,E1,Low monitoring,Expand enviromental monitoring using satellite imagery and IoT sensors to help monitor green spaces,Medium,"Increase green cover, improve environmental monitoring and better protection of green spaces",Medium effort,"satellite imagery, Ministry of Environment reports, Urban greening project plans",Environment Authority
R6,P4,E2,Low monitoring,Expand enviromental monitoring using satellite imagery and IoT sensors to help monitor natural resources,Medium,"Support long-term environmental sustainability, improve enviromental planning and monitoring",Medium effort,"Environmental protection agency reports, satellite imagery",Environment Authority
R7,P5,E7,Limited service coverage,Distribute additional sensor-enabled wastebins across different districts,High,Improve waste collection and lower carbon emissions from garbage trucks,High effort,"IoT sensor deployment logs, smart waste platform dashboard",Environment Authority - Waste Management Department
R8-1,P6,E3,Limited smart meter coverage,Expand the rollout of smart energy meters,Medium,Improve energy consumption monitoring,High effort,"Utility company deployment and company residential deployment reports, Municipal building registry",Smart meter utility provider
R8-2,P6,E4,Limited smart meter coverage,Expand the rollout of smart energy meters,Medium,Improve energy consumption monitoring,High effort,"Utility company deployment and company residential deployment reports, Municipal building registry",Smart meter utility provider
R9,P6,E11,Limited smart meter coverage,Expand the rollout of smart water meters,Low,Improve water consumption monitoring,High effort,"Water utility deployment reports, IoT dashboard logs",Smart meter utility provider
R10,P7,G3,Limited digital services,"Digitize more municipal/city services, improve accessibility to these services and raise citizen awarness of available digital services",Low,Increase and improve citizen access to government services,Medium effort,"E-services portal catalog, municipal digital services report",Municipality - Digital tranformation
R11,P7,G6,Low data availability,Expand the municipal open data by providing valuable datasets,Low,"Increase transparency, trust, and engagement witht the public",Medium effort,"Open data portal analytics reports, municipal web traffic logs",Municipality - Digital tranformation
R12,P7,G12,High IT infrastructure downtime,Improve IT infrastructure by strengthening preventive maintenance and integrating real-time system monitoring with alerts,Medium,Reduce risk of IT infrastructure downtime and improve availability,High effort,"IT service management logs, SLA monitoring dashboards",Municipality - IT Department
R13-1,P8,G5,Inefficient process,Digitize the building permit approval process and implement permit status tracking,Low,Faster building permit processing and lower manual effort,High effort,"Municipal e-services dashboard, permit system database logs, Balady platform reports",Municipality/ Balady Platform
R13-2,P8,G13,Inefficient process,Digitize the building permit approval process and implement permit status tracking,Low,Faster building permit processing and lower manual effort,High effort,"Municipal e-services dashboard, permit system database logs, Balady platform reports",Municipality/ Balady Platform
